{
  "0": {
    "precision": 0.523121387283237,
    "recall": 0.5993377483443708,
    "f1-score": 0.558641975308642,
    "support": 302.0
  },
  "1": {
    "precision": 0.5316455696202531,
    "recall": 0.4701492537313433,
    "f1-score": 0.499009900990099,
    "support": 268.0
  },
  "2": {
    "precision": 0.5849056603773585,
    "recall": 0.5408942202835333,
    "f1-score": 0.5620396600566572,
    "support": 917.0
  },
  "3": {
    "precision": 0.5730427764326069,
    "recall": 0.5926544240400667,
    "f1-score": 0.582683627410751,
    "support": 1198.0
  },
  "4": {
    "precision": 0.59375,
    "recall": 0.4978165938864629,
    "f1-score": 0.5415676959619953,
    "support": 229.0
  },
  "5": {
    "precision": 0.6059670781893004,
    "recall": 0.5453703703703704,
    "f1-score": 0.5740740740740741,
    "support": 1080.0
  },
  "6": {
    "precision": 0.638268156424581,
    "recall": 0.6418539325842697,
    "f1-score": 0.6400560224089635,
    "support": 712.0
  },
  "7": {
    "precision": 0.732824427480916,
    "recall": 0.44651162790697674,
    "f1-score": 0.5549132947976878,
    "support": 215.0
  },
  "8": {
    "precision": 0.8313609467455622,
    "recall": 0.8204379562043795,
    "f1-score": 0.8258633357825128,
    "support": 685.0
  },
  "9": {
    "precision": 0.5675675675675675,
    "recall": 0.5172413793103449,
    "f1-score": 0.5412371134020618,
    "support": 203.0
  },
  "10": {
    "precision": 0.7563186813186813,
    "recall": 0.7929147465437788,
    "f1-score": 0.7741844769403825,
    "support": 3472.0
  },
  "11": {
    "precision": 0.6545454545454545,
    "recall": 0.5,
    "f1-score": 0.5669291338582677,
    "support": 288.0
  },
  "12": {
    "precision": 0.46875,
    "recall": 0.42857142857142855,
    "f1-score": 0.44776119402985076,
    "support": 280.0
  },
  "13": {
    "precision": 0.755057803468208,
    "recall": 0.8241324921135647,
    "f1-score": 0.7880844645550528,
    "support": 1268.0
  },
  "14": {
    "precision": 0.4556213017751479,
    "recall": 0.27598566308243727,
    "f1-score": 0.34375,
    "support": 279.0
  },
  "15": {
    "precision": 0.5085324232081911,
    "recall": 0.5687022900763359,
    "f1-score": 0.5369369369369369,
    "support": 524.0
  },
  "16": {
    "precision": 0.5308943089430894,
    "recall": 0.4880418535127055,
    "f1-score": 0.5085669781931464,
    "support": 1338.0
  },
  "17": {
    "precision": 0.8378378378378378,
    "recall": 0.8252314814814815,
    "f1-score": 0.8314868804664723,
    "support": 864.0
  },
  "18": {
    "precision": 0.471608832807571,
    "recall": 0.42898134863701576,
    "f1-score": 0.4492862509391435,
    "support": 697.0
  },
  "19": {
    "precision": 0.6214689265536724,
    "recall": 0.48672566371681414,
    "f1-score": 0.5459057071960298,
    "support": 226.0
  },
  "20": {
    "precision": 0.6245421245421245,
    "recall": 0.5789473684210527,
    "f1-score": 0.6008810572687224,
    "support": 589.0
  },
  "21": {
    "precision": 0.5765472312703583,
    "recall": 0.5042735042735043,
    "f1-score": 0.5379939209726444,
    "support": 351.0
  },
  "22": {
    "precision": 0.6790185277916875,
    "recall": 0.7713310580204779,
    "f1-score": 0.722237017310253,
    "support": 1758.0
  },
  "23": {
    "precision": 0.5497553017944535,
    "recall": 0.42604298356510745,
    "f1-score": 0.48005698005698005,
    "support": 791.0
  },
  "24": {
    "precision": 0.8183684642759376,
    "recall": 0.8399831413318348,
    "f1-score": 0.8290349417637272,
    "support": 7118.0
  },
  "25": {
    "precision": 0.7664291369754552,
    "recall": 0.7628053585500394,
    "f1-score": 0.764612954186414,
    "support": 1269.0
  },
  "26": {
    "precision": 0.6774193548387096,
    "recall": 0.6116504854368932,
    "f1-score": 0.6428571428571429,
    "support": 515.0
  },
  "27": {
    "precision": 0.6354679802955665,
    "recall": 0.5850340136054422,
    "f1-score": 0.6092089728453365,
    "support": 441.0
  },
  "28": {
    "precision": 0.7691570881226054,
    "recall": 0.7911330049261084,
    "f1-score": 0.7799902865468674,
    "support": 1015.0
  },
  "29": {
    "precision": 0.6186046511627907,
    "recall": 0.5898004434589801,
    "f1-score": 0.6038592508513053,
    "support": 451.0
  },
  "30": {
    "precision": 0.878323108384458,
    "recall": 0.8805740645822655,
    "f1-score": 0.8794471461479396,
    "support": 1951.0
  },
  "31": {
    "precision": 0.5601173020527859,
    "recall": 0.45584725536992843,
    "f1-score": 0.5026315789473684,
    "support": 419.0
  },
  "32": {
    "precision": 0.5943396226415094,
    "recall": 0.6,
    "f1-score": 0.5971563981042654,
    "support": 420.0
  },
  "33": {
    "precision": 0.6214689265536724,
    "recall": 0.6002728512960437,
    "f1-score": 0.6106870229007634,
    "support": 733.0
  },
  "34": {
    "precision": 0.8327594687653713,
    "recall": 0.8550505050505051,
    "f1-score": 0.8437577871916272,
    "support": 1980.0
  },
  "35": {
    "precision": 0.3805668016194332,
    "recall": 0.3418181818181818,
    "f1-score": 0.36015325670498083,
    "support": 275.0
  },
  "36": {
    "precision": 0.8561917443408789,
    "recall": 0.8796169630642955,
    "f1-score": 0.8677462887989204,
    "support": 731.0
  },
  "37": {
    "precision": 0.5121951219512195,
    "recall": 0.4918918918918919,
    "f1-score": 0.5018382352941176,
    "support": 555.0
  },
  "38": {
    "precision": 0.7403748733535968,
    "recall": 0.814659977703456,
    "f1-score": 0.7757430997876857,
    "support": 3588.0
  },
  "39": {
    "precision": 0.46097201767304863,
    "recall": 0.438375350140056,
    "f1-score": 0.44938980617372576,
    "support": 714.0
  },
  "40": {
    "precision": 0.5352323838080959,
    "recall": 0.5409090909090909,
    "f1-score": 0.5380557648831952,
    "support": 660.0
  },
  "41": {
    "precision": 0.631578947368421,
    "recall": 0.6511627906976745,
    "f1-score": 0.6412213740458015,
    "support": 516.0
  },
  "accuracy": 0.7086307747403605,
  "macro avg": {
    "precision": 0.6324409361943195,
    "recall": 0.6024460656788216,
    "f1-score": 0.6145604525463932,
    "support": 41885.0
  },
  "weighted avg": {
    "precision": 0.7037779774958598,
    "recall": 0.7086307747403605,
    "f1-score": 0.7048817773055033,
    "support": 41885.0
  }
}