{
  "ARTS": {
    "precision": 0.42748091603053434,
    "recall": 0.18543046357615894,
    "f1-score": 0.2586605080831409,
    "support": 302.0
  },
  "ARTS & CULTURE": {
    "precision": 0.38235294117647056,
    "recall": 0.09701492537313433,
    "f1-score": 0.15476190476190477,
    "support": 268.0
  },
  "BLACK VOICES": {
    "precision": 0.5842490842490843,
    "recall": 0.3478735005452563,
    "f1-score": 0.43609022556390975,
    "support": 917.0
  },
  "BUSINESS": {
    "precision": 0.5124555160142349,
    "recall": 0.48080133555926546,
    "f1-score": 0.49612403100775193,
    "support": 1198.0
  },
  "COLLEGE": {
    "precision": 0.4930555555555556,
    "recall": 0.31004366812227074,
    "f1-score": 0.3806970509383378,
    "support": 229.0
  },
  "COMEDY": {
    "precision": 0.6373134328358209,
    "recall": 0.39537037037037037,
    "f1-score": 0.488,
    "support": 1080.0
  },
  "CRIME": {
    "precision": 0.5794392523364486,
    "recall": 0.5224719101123596,
    "f1-score": 0.5494830132939439,
    "support": 712.0
  },
  "CULTURE & ARTS": {
    "precision": 0.7241379310344828,
    "recall": 0.19534883720930232,
    "f1-score": 0.3076923076923077,
    "support": 215.0
  },
  "DIVORCE": {
    "precision": 0.8519230769230769,
    "recall": 0.6467153284671533,
    "f1-score": 0.7352697095435685,
    "support": 685.0
  },
  "EDUCATION": {
    "precision": 0.48854961832061067,
    "recall": 0.31527093596059114,
    "f1-score": 0.38323353293413176,
    "support": 203.0
  },
  "ENTERTAINMENT": {
    "precision": 0.5618295891519935,
    "recall": 0.7995391705069125,
    "f1-score": 0.6599310590752407,
    "support": 3472.0
  },
  "ENVIRONMENT": {
    "precision": 0.6794871794871795,
    "recall": 0.1840277777777778,
    "f1-score": 0.2896174863387978,
    "support": 288.0
  },
  "FIFTY": {
    "precision": 0.5272727272727272,
    "recall": 0.10357142857142858,
    "f1-score": 0.17313432835820897,
    "support": 280.0
  },
  "FOOD & DRINK": {
    "precision": 0.6155327342747111,
    "recall": 0.7563091482649842,
    "f1-score": 0.6786978060863411,
    "support": 1268.0
  },
  "GOOD NEWS": {
    "precision": 0.484375,
    "recall": 0.1111111111111111,
    "f1-score": 0.18075801749271136,
    "support": 279.0
  },
  "GREEN": {
    "precision": 0.42142857142857143,
    "recall": 0.3377862595419847,
    "f1-score": 0.375,
    "support": 524.0
  },
  "HEALTHY LIVING": {
    "precision": 0.41919191919191917,
    "recall": 0.1860986547085202,
    "f1-score": 0.2577639751552795,
    "support": 1338.0
  },
  "HOME & LIVING": {
    "precision": 0.7348668280871671,
    "recall": 0.7025462962962963,
    "f1-score": 0.7183431952662722,
    "support": 864.0
  },
  "IMPACT": {
    "precision": 0.4632352941176471,
    "recall": 0.27116212338593976,
    "f1-score": 0.3420814479638009,
    "support": 697.0
  },
  "LATINO VOICES": {
    "precision": 0.8125,
    "recall": 0.17256637168141592,
    "f1-score": 0.2846715328467153,
    "support": 226.0
  },
  "MEDIA": {
    "precision": 0.6067415730337079,
    "recall": 0.366723259762309,
    "f1-score": 0.45714285714285713,
    "support": 589.0
  },
  "MONEY": {
    "precision": 0.5606060606060606,
    "recall": 0.3162393162393162,
    "f1-score": 0.40437158469945356,
    "support": 351.0
  },
  "PARENTING": {
    "precision": 0.5081335616438356,
    "recall": 0.6751990898748578,
    "f1-score": 0.5798729848558867,
    "support": 1758.0
  },
  "PARENTS": {
    "precision": 0.4916387959866221,
    "recall": 0.18584070796460178,
    "f1-score": 0.26972477064220185,
    "support": 791.0
  },
  "POLITICS": {
    "precision": 0.6571368287794072,
    "recall": 0.8751053666760326,
    "f1-score": 0.7506175814906308,
    "support": 7118.0
  },
  "QUEER VOICES": {
    "precision": 0.7952522255192879,
    "recall": 0.6335697399527187,
    "f1-score": 0.7052631578947368,
    "support": 1269.0
  },
  "RELIGION": {
    "precision": 0.61731843575419,
    "recall": 0.429126213592233,
    "f1-score": 0.5063001145475372,
    "support": 515.0
  },
  "SCIENCE": {
    "precision": 0.6798561151079137,
    "recall": 0.42857142857142855,
    "f1-score": 0.5257301808066759,
    "support": 441.0
  },
  "SPORTS": {
    "precision": 0.6989690721649484,
    "recall": 0.6679802955665025,
    "f1-score": 0.6831234256926952,
    "support": 1015.0
  },
  "STYLE": {
    "precision": 0.6176470588235294,
    "recall": 0.13968957871396895,
    "f1-score": 0.22784810126582278,
    "support": 451.0
  },
  "STYLE & BEAUTY": {
    "precision": 0.7255348202093764,
    "recall": 0.8170169144028703,
    "f1-score": 0.7685631629701061,
    "support": 1951.0
  },
  "TASTE": {
    "precision": 0.47619047619047616,
    "recall": 0.0954653937947494,
    "f1-score": 0.15904572564612326,
    "support": 419.0
  },
  "TECH": {
    "precision": 0.6056338028169014,
    "recall": 0.4095238095238095,
    "f1-score": 0.48863636363636365,
    "support": 420.0
  },
  "THE WORLDPOST": {
    "precision": 0.5488454706927176,
    "recall": 0.42155525238744884,
    "f1-score": 0.47685185185185186,
    "support": 733.0
  },
  "TRAVEL": {
    "precision": 0.6559051900286065,
    "recall": 0.8106060606060606,
    "f1-score": 0.7250960018070929,
    "support": 1980.0
  },
  "U.S. NEWS": {
    "precision": 0.5384615384615384,
    "recall": 0.05090909090909091,
    "f1-score": 0.09302325581395349,
    "support": 275.0
  },
  "WEDDINGS": {
    "precision": 0.8208269525267994,
    "recall": 0.7332421340629275,
    "f1-score": 0.7745664739884393,
    "support": 731.0
  },
  "WEIRD NEWS": {
    "precision": 0.47335423197492166,
    "recall": 0.27207207207207207,
    "f1-score": 0.34553775743707094,
    "support": 555.0
  },
  "WELLNESS": {
    "precision": 0.5209580838323353,
    "recall": 0.8244147157190636,
    "f1-score": 0.63846319879128,
    "support": 3588.0
  },
  "WOMEN": {
    "precision": 0.4172661870503597,
    "recall": 0.32492997198879553,
    "f1-score": 0.3653543307086614,
    "support": 714.0
  },
  "WORLD NEWS": {
    "precision": 0.49747474747474746,
    "recall": 0.29848484848484846,
    "f1-score": 0.3731060606060606,
    "support": 660.0
  },
  "WORLDPOST": {
    "precision": 0.4795539033457249,
    "recall": 0.25,
    "f1-score": 0.3286624203821656,
    "support": 516.0
  },
  "accuracy": 0.6037244837053838,
  "macro avg": {
    "precision": 0.5808091023693391,
    "recall": 0.40826963995256993,
    "f1-score": 0.4475455355971437,
    "support": 41885.0
  },
  "weighted avg": {
    "precision": 0.597328322073705,
    "recall": 0.6037244837053838,
    "f1-score": 0.5740499302093058,
    "support": 41885.0
  }
}